electorate,province_name_eng,province_code,province_code_2018,candidate_code,ballot_position,candidate_name_eng,candidate_name_dari,incumbent,candidate_gender,prelim_winner,final_winner,matched?
General,Badakhshan,14,17,2233813,81, Alhaj Safiullah Muslim,الحاج صفی الله مسلم,No,Male,Yes,Yes,
General,Badakhshan,14,17,2233843,50,Abdul Latif Pedram,عبداللطیف پدرام,No,Male,Yes,Yes,
General,Badakhshan,14,17,2474774,44,Abdul Wali Niazi,عبدالولی نیازی,No,Male,No,Yes,
General,Badakhshan,14,17,12536497,3,Alhaj Shah Abdul Ahad Afzali,الحاج شاه عبدالاحد افضلی,No,Male,Yes,Yes,
General,Badakhshan,14,17,2233825,51,Alhaj Zalmai Mujadidi,الحاج زلمی مجددی,Yes,Male,Yes,Yes,
General,Badakhshan,14,17,2233831,80,Amanullah Payman,امان الله پیمان,Yes,Male,Yes,Yes,
General,Badakhshan,14,17,1840837,57,Dr. Nilofar Ibrahimi,داکتر نیلوفر ابراهیمی,No,Female,Yes,Yes,
General,Badakhshan,14,17,2233821,34,Fauzia Kofi,فوزیه کوفی,Yes,Female,Yes,Yes,
General,Badakhshan,14,17,2233812,15,Muhammad Zekria Soda,محمد ذکریا سودا,No,Male,Yes,Yes,
General,Badakhshan,14,17,11647791,14,Saranwal Abdul Rawouf,څارنوال عبدالروف,No,Male,Yes,No,
General,Badghis,23,31,773273,13, Safia Aymaq,صفیه ایماق,No,Female,Yes,Yes,
General,Badghis,23,31,6199420,25,Alhaj Qazi Abdul Rahim,الحاج قاضی عبدالرحیم,No,Male,No,Yes,
General,Badghis,23,31,772781,15,Hajji Ghulam Sarwar Faiez,حاجی غلام سرو ر  فایز,No,Male,Yes,Yes,
General,Badghis,23,31,5224115,2,Hajji Muhammad Anwar Yawari,حاجی محمد انور یاوری,No,Male,Yes,No,
General,Badghis,23,31,11502663,24,Sayed Muhammad Musa Janab Sahib,سید محمد موسی جناب صاحب,No,Male,Yes,Yes,
General,Baghlan,16,9,138080,51,Alhaj Ustad Najya Aymaq,الحاج استاد ناجیه ایماق,Yes,Female,Yes,Yes,
General,Baghlan,16,9,102197503,21,Delawar Aymaq,دلاور ایماق,No,Male,No,Yes,
General,Baghlan,16,9,6984234,90,Dr. Mahdi,داکتر مهدی,No,Male,Yes,Yes,
General,Baghlan,16,9,6984209,53,Dr. Muhammad Naseem Mudabbir,داکتر محمد نسیم مدبر,No,Male,Yes,No,
General,Baghlan,16,9,8296433,79,Hajji Ashuqullah Wafa,حاجی عاشق الله وفا,No,Male,Yes,No,
General,Baghlan,16,9,8914174,77,Muhammad Azim Muhsini,محمد عظیم محسنی,No,Male,Yes,Yes,
General,Baghlan,16,9,7554179,70,Muhammad Zahir Ghani Zada A.K.A Qand Agha,محمد ظاهر غنی زاده مشهور به قند آغا,No,Male,No,Yes,
General,Baghlan,16,9,6984216,83,Obaidullah Rameen,عبید الله رامین,No,Male,Yes,Yes,
General,Baghlan,16,9,4780154,38,Sayed Mansoor Naderi,سید منصور نادری,Yes,Male,Yes,Yes,
General,Baghlan,16,9,4878581,17,Shukria Esa Khil,شکریه عیسی خیل,Yes,Female,Yes,Yes,
General,Balkh,19,21,1819238,60, Sifora Niazai,صیفوره نیازی,Yes,Female,Yes,Yes,
General,Balkh,19,21,4059711,79,Abas Ibrahim Zada,عباس ابراهیم زاده,No,Male,Yes,Yes,
General,Balkh,19,21,4059726,65,Ahmad Shah Ramazan,احمد شاه  رمضان,No,Male,Yes,Yes,
General,Balkh,19,21,1813154,38,Alhaj Alam Khan Azadi,الحاج علم خان   آزادی,Yes,Male,Yes,Yes,
General,Balkh,19,21,4059723,4,Alhaj Maulawi Abdul Rahman Rahmani,الحاج مولوی عبدالرحمن رحمانی,No,Male,Yes,Yes,
General,Balkh,19,21,2759639,7,Alhaj Muhammad Abdah,الحاج محمد عبدّه,Yes,Male,Yes,Yes,
General,Balkh,19,21,7709513,16,Alhaj Muhammad Ishaq Rahguzar,الحاج محمداسحق رهگذر,Yes,Male,Yes,Yes,
General,Balkh,19,21,4059725,80,Assadullah Sharifi,اسدالله شریفی,No,Male,Yes,Yes,
General,Balkh,19,21,2754991,71,Brishna Rabie,برشنا ربیع,No,Female,Yes,Yes,
General,Balkh,19,21,7709527,27,Dr. Gulalay Noor Safi,داکتر گلالی نور صافی,Yes,Female,Yes,Yes,
General,Balkh,19,21,12668564,69,Muhammad Farhad Azimi,محمد فرهاد عظیمی,No,Male,Yes,Yes,
General,Bamyan,32,10,931501,41,Colonel Abdul Rahman Shahidani,دگروال عبدالرحمن شهیدانی,No,Male,Yes,Yes,
General,Bamyan,32,10,5795007,27,Hajji Fakuri Behishti,حاجی فکوری بهشتی,Yes,Male,Yes,Yes,
General,Bamyan,32,10,1145253,2,Safoora Yalkhani,صفورا ایلخانی,Yes,Female,Yes,Yes,
General,Bamyan,32,10,12901009,3,Ustad Muhammad Akbari,استاد محمد اکبری,Yes,Male,Yes,Yes,
General,Daikondi,34,24,8060258,31, Sherin Muhseni,شرین محسنی,Yes,Female,Yes,Yes,
General,Daikondi,34,24,2958201,23,Asadullah Saadati,اسدالله سعادتی,No,Male,Yes,Yes,
General,Daikondi,34,24,2958214,8,Muhammad Noor Akbari,محمد نور اکبری,Yes,Male,Yes,Yes,
General,Daikondi,34,24,268339,33,Sadiqi Zada Neli,صادقی زاده نیلی,Yes,Male,Yes,Yes,
General,Farah,25,33,3155664,34, Abdul Sabor Khidmat ,عبدالصبور خدمت,No,Male,No,Yes,
General,Farah,25,33,5742951,15, Abdul Wali Hamidy,عبدالولی حمیدی,No,Male,Yes,No,
General,Farah,25,33,5795580,16, Hajji Mammor Mussa,حاجی مامور موسی,Yes,Male,Yes,Yes,
General,Farah,25,33,8941366,14, Ustad Humaira Ayubi,استاد حمیرا ایوبی,No,Female,Yes,Yes,
General,Farah,25,33,6020518,3,Alhaj Saranwal Muhammad Sarwar Usmani Farahi,الحاج څارنیال محمدسرورعثمانی فراهی,No,Male,No,Yes,
General,Farah,25,33,6984709,29,Masoud Bakhtar,مسعود بختور,No,Male,Yes,No,
General,Farah,25,33,6984707,1,Samiullah Samim,سمیع اله صمیم,No,Male,Yes,Yes,
General,Faryab,22,29,6833317,27, Gull Muhammad Pahlawan,گل محمد پهلوان,No,Male,Yes,No,
General,Faryab,22,29,11582510,36,Alhaj Fathullah Qaisari,الحاج فتح اله قیصاری,Yes,Male,Yes,Yes,
General,Faryab,22,29,5794919,9,Asifa Shadab,آصفه شاداب,Yes,Female,Yes,Yes,
General,Faryab,22,29,6821181,4,Bashir Ahmad Tah Yenj,بشیر احمد  ته ینج,No,Male,Yes,Yes,
General,Faryab,22,29,6831775,12,Dr. Naqebullah Fayeq,داکتر نقیب الله فایق,No,Male,Yes,Yes,
General,Faryab,22,29,1779209,24,Eng. Muhammad Hashim Awartaq,انجنیر محمد هاشم اورتاق,No,Male,Yes,Yes,
General,Faryab,22,29,5794903,77,Fauzia Raoufi,فوزیه روفی,Yes,Female,Yes,Yes,
General,Faryab,22,29,11582530,13,Hajji Muhammad Hashim,حاجی محمد هاشم,No,Male,Yes,Yes,
General,Faryab,22,29,11585218,16,Muhammad Shakar Kargar,محمد شاکر کارگر,Yes,Male,No,Yes,
General,Faryab,22,29,8063801,52,Rangina Kargar,رنگینه کارگر,No,Female,Yes,Yes,
General,Ghazni,6,11,4968179,14, Ali Akbar Qasimi,علی اکبر قاسمی,Yes,Male,Yes,Yes,
General,Ghazni,6,11,8948614,37, Chaman Shah Etimadi,چمن شاه اعتمادی,No,Male,Yes,Yes,
General,Ghazni,6,11,8948631,18,Alhaj Khuda Dad Erfani,الحاج خداداد عرفانی,No,Male,Yes,Yes,
General,Ghazni,6,11,2814184,28,Dr. Abdul Qayoom Sajadi,داکتر عبدالقیوم  سجادی,No,Male,Yes,Yes,
General,Ghazni,6,11,8948611,80,Dr. Shah Jahan,دوکتور شاه جهان,No,Male,Yes,Yes,
General,Ghazni,6,11,1124252,15,Eng. Nafisa Azimi,انجنیر نفیسه عظیمی,No,Female,Yes,Yes,
General,Ghazni,6,11,8948620,39,Huma Sultani,هما سلطانی,No,Female,Yes,Yes,
General,Ghazni,6,11,3228515,76,Muhammad Ali Alizada,محمدعلی علی زاده,No,Male,Yes,Yes,
General,Ghazni,6,11,7726013,17,Shah Gull Rezayee,شاه گل رضایی,Yes,Female,Yes,Yes,
General,Ghazni,6,11,8948622,67,Ustad Muhammad Ali Akhlaqi,استاد محمد علی اخلاقی,No,Male,Yes,Yes,
General,Ghazni,6,11,8948606,4,Ustad Muhammad Arif Rahmani,استاد محمد عارف رحمانی,No,Male,Yes,Yes,
General,Ghor,31,23,2389901,15,Alhaj Karam ‐ud‐ Din Reza Zada,الحاج کرام الدین رضا زاده,No,Male,Yes,Yes,
General,Ghor,31,23,3241001,20,Aqay Bahr,آقای بحر,No,Male,Yes,Yes,
General,Ghor,31,23,5786940,36,Dr. Muhammad Ibrahim Malikzad,داکتر محمد ابراهیم   ملکزاده,Yes,Male,Yes,Yes,
General,Ghor,31,23,2293018,25,Hajji Qurban Kohistnai,حاجی قربان کوهستانی,Yes,Male,Yes,Yes,
General,Ghor,31,23,2934400,19,Ruqia Naiel,رقیه نایل,Yes,Female,Yes,Yes,
General,Ghor,31,23,2293017,31,Seema Joyenda,سیما جوینده,No,Female,Yes,Yes,
General,Helmand,27,30,5798803,32, Habiba Sadat,حبیبه سادات,No,Female,Yes,Yes,
General,Helmand,27,30,7195060,35, Hajji Muhammad Wali Alizai,حاجی محمد ولی     علیزی,No,Male,Yes,Yes,
General,Helmand,27,30,6177262,41, Shikh Namtullah Ghafari,شیخ نعمت الله   غفاری,Yes,Male,Yes,Yes,
General,Helmand,27,30,5798809,16,Abdul Jabar,عبدالجبار,No,Male,No,Yes,
General,Helmand,27,30,4240876,17,Abdul Wudod,عبدالودود,No,Male,Yes,Yes,
General,Helmand,27,30,5798806,27,Hajji Abdul Hay,حاجی عبدالحی,No,Male,Yes,Yes,
General,Helmand,27,30,5799000,21,Hajji Mualim Mirwali,حاجی معلم میرولی,No,Male,Yes,No,
General,Helmand,27,30,7092234,13,Massoud Khan Noorzai,مسعود خان   نورزی,No,Male,Yes,Yes,
General,Helmand,27,30,13470115,14,Nasima Niazai,نسیمه   نیازۍ,Yes,Female,Yes,Yes,
General,Herat,24,32,8763148,68,Abdul Hadi Jamshedi,عبدالهادی جمشیدی,Yes,Male,No,Yes,
General,Herat,24,32,3581333,114,Ahmad Bihzad,احمد بهزاد,Yes,Male,Yes,Yes,
General,Herat,24,32,10727628,100,Ahmad Farhad Majedi,احمد فرهاد  مجیدی,No,Male,Yes,Yes,
General,Herat,24,32,3581316,94,Ahmad Wahed Taheri,احمد وحید طاهری,Yes,Male,Yes,No,
General,Herat,24,32,3581323,7,Alhaj Eng. Monawar Shah Bahaduri,الحاج انجینر منورشاه بهادری,No,Male,No,Yes,
General,Herat,24,32,3581314,6,Alhaj Ghulam Qadir Akbar,الحاج غلام قادر  اکبر,No,Male,Yes,No,
General,Herat,24,32,10753192,93,Alhaj Muhammad Rafiq Shaheer,الحاج محمد رفیق شهیر,No,Male,No,Yes,
General,Herat,24,32,3581311,5,Alhaj Rahima Jami,الحاج رحیمه   جامی,Yes,Female,Yes,No,
General,Herat,24,32,10144851,63,Dr. Muhammad Salih Saljoqi,داکتر محمد صالح سلجوقی,Yes,Male,No,Yes,
General,Herat,24,32,7278158,53,Ghulam Farooq Majroh,غلام فاروق مجروح,No,Male,Yes,Yes,
General,Herat,24,32,7439026,47,Hajji Aziz Ahmad Nadim,حاجی عزیز احمد نادم,Yes,Male,Yes,No,
General,Herat,24,32,6294245,103,Hajji Ghulam Farooq Nazari,حاجی  غلام فاروق نظری,No,Male,Yes,Yes,
General,Herat,24,32,100157849,13,Hajji Khalil Ahmad Shahed Zada,حاجی خلیل  احمد شهید زاده,No,Male,Yes,Yes,
General,Herat,24,32,10072092,99,Hajji Muhammad Arif Tayeb,حاجی محمد عارف طیب,Yes,Male,No,Yes,
General,Herat,24,32,3581309,147,Hajji Nisar Ahmad Faizi Ghoryani,حاجی نثاراحمد  فیضی غوریانی,No,Male,Yes,No,
General,Herat,24,32,5245021,65,Masooda Karukhi,مسعوده کرخی,No,Female,Yes,Yes,
General,Herat,24,32,3730921,78,Muhammad Maroof Fazli,محمد معروف   فضلی,No,Male,Yes,No,
General,Herat,24,32,100576109,36,Muhammad Reza Khushak Watan Dost,محمد رضا خوشک وطن دوست,No,Male,Yes,Yes,
General,Herat,24,32,5306212,138,Nahid Ahamdi Farid,ناهید احمدی فرید,No,Female,Yes,Yes,
General,Herat,24,32,8605402,126,Qazi Nazer Ahmad Hanafi,قاضی نذیر احمد حنفی,Yes,Male,Yes,Yes,
General,Herat,24,32,3581317,107,Shanaz Hemati,شهناز همتی,Yes,Female,Yes,Yes,
General,Herat,24,32,3581318,15,Ustad Najla Dehqan Nazhad,استاد نجلا دهقان نژاد,Yes,Female,Yes,Yes,
General,Herat,24,32,3581308,146,Yasamin Barikzai,سیمین بارکزی,No,Female,No,Yes,
General,Juzjan,20,28,5454513,38, Hajji Muhammad Ismail,حاجی محمد اسمعیل,No,Male,Yes,Yes,
General,Juzjan,20,28,5454503,13,Abdul Satar Darzabi,عبدالستاردرزابی,Yes,Male,Yes,Yes,
General,Juzjan,20,28,6550806,24,Baz Muhammad Juzjani,بازمحمد  جوزجانی,Yes,Male,Yes,Yes,
General,Juzjan,20,28,6550805,12,Dr. Enayatullah Babur Ferahmand,داکتر عنایت الله بابر فرهمند,No,Male,Yes,Yes,
General,Juzjan,20,28,7364001,1,Fahima Sadat,فهیمه سادات,Yes,Female,Yes,Yes,
General,Kabul,1,1,4754128,209, Abdul Hafeez Mansoor,عبدالحفیظ   منصور,No,Male,Yes,Yes,
General,Kabul,1,1,6433992,293, Alhaj Ezatullah Atif,الحاج عزت اله عاطف,No,Male,Yes,Yes,
General,Kabul,1,1,7408015,518, Anwar Khan Oriakhil,انور خان اوریا خیل,Yes,Male,Yes,Yes,
General,Kabul,1,1,3466654,126, Baktash Siawash,بکتاش سیاووش,No,Male,Yes,Yes,
General,Kabul,1,1,3907233,376, Dr. Abdullah Kalimzai Wardak,داکتر عبیدالله کلیمزی وردگ,No,Male,Yes,Yes,
General,Kabul,1,1,6176526,222, Dr. Jafar Mahdawi,داکتر جعفر مهدوی,No,Male,Yes,Yes,
General,Kabul,1,1,6370973,651, Kubra Mustafawi,کبری مصطفوی,No,Female,Yes,Yes,
General,Kabul,1,1,6043787,189, Qais Hassan,قیس حسن,No,Male,Yes,Yes,
General,Kabul,1,1,7408132,586, Shenkai Zaheen Karokhil,شینکی ذهین کړوخیل,No,Female,Yes,Yes,
General,Kabul,1,1,3871908,286,Alhaj Allah Gul Mujahid,الحاج الله گل مجاهد,No,Male,Yes,Yes,
General,Kabul,1,1,4814212,94,Arfanullah Arfan,عرفان الله عرفان,Yes,Male,Yes,Yes,
General,Kabul,1,1,997138,100,Dr. Ramzan Bashar Dost,داکتر رمضان بشر دوست,Yes,Male,Yes,Yes,
General,Kabul,1,1,4936965,434,Dr. Sayed Ali Kazemi,داکتر سید علی کاظمی,No,Male,Yes,Yes,
General,Kabul,1,1,11118666,399,Eng. Shir Wali Wardak,انجینر شیر ولی وردک,No,Male,Yes,Yes,
General,Kabul,1,1,5486154,37,Farkhunda Zahra Naderi,فرخنده زهرا نادری,No,Female,Yes,Yes,
General,Kabul,1,1,7762167,24,Fawzia Nasir Yar Guldarayee,فوزیه ناصر یار گلدره ئی,Yes,Female,Yes,Yes,
General,Kabul,1,1,5507514,624,General Nazifa Zaki,جنرال نظیفه  ذکی,No,Female,Yes,Yes,
General,Kabul,1,1,5755111,461,Hajji Muhammad Dawood Kalakani,حاجی محمد داود کلکانی,Yes,Male,Yes,Yes,
General,Kabul,1,1,11011693,256,Hajji Muhammad Farhad Seddiqi,حاجی محمد فرهاد  صدیقی,No,Male,Yes,Yes,
General,Kabul,1,1,3699568,29,Hajji Muhammad Mohaqiq,حاجی محمد محقق,No,Male,Yes,Yes,
General,Kabul,1,1,2278941,52,Mir Amanullah Guzar,میر امان الله   گذر,No,Male,Yes,Yes,
General,Kabul,1,1,5167932,13,Muhammad Ibrahim Qasemi,محمد  ابراهیم قاسمی,Yes,Male,Yes,Yes,
General,Kabul,1,1,4792074,544,Muhammad Younus Qanooni,محمد یونس قانونی,Yes,Male,Yes,Yes,
General,Kabul,1,1,6132861,30,Ramazan Juma Zada,رمضان جمعه زاده,No,Male,Yes,Yes,
General,Kabul,1,1,11042268,647,Sayed Hussain Alimi Balkhi,سید حسین عالمی بلخی,Yes,Male,Yes,Yes,
General,Kabul,1,1,5765356,366,Sayed Hussain Anwari,سید حسین انوری,No,Male,Yes,Yes,
General,Kabul,1,1,3158719,645,Sharifullah Kamawal,شریف اله کامه وال,No,Male,Yes,Yes,
General,Kabul,1,1,5765417,658,Shukria Barikzai,شکریه بارکزی,Yes,Female,Yes,Yes,
General,Kabul,1,1,3612624,178,Torpekai Patman,تورپیکۍ پتمن,No,Female,Yes,Yes,
General,Kabul,1,1,972335,322,Ustad Abdul Rab Rasool Sayyaf,استاد عبدرب الرسول سیاف,Yes,Male,Yes,Yes,
General,Kabul,1,1,11040318,96,Ustad Qurban Ali Arfani,استاد قربانعلی عرفانی,No,Male,Yes,Yes,
General,Kabul,1,1,3861413,103,Ustad Rababa Parwani Darwish,استاد ربابه پروانی درویش,No,Female,Yes,Yes,
General,Kabul,1,1,5765401,308,Wakeel Fatima Nazari,وکیل فاطمه نظری,No,Female,Yes,Yes,
General,Kandahar,28,27,4556370,48, Abdul Rahim Ayubi,عبدالرحیم ایوبی,No,Male,Yes,Yes,
General,Kandahar,28,27,106946608,23, Alhaj Mullah Sayed Muhammad Akhund,الحاج ملا سید محمد اخند,No,Male,Yes,Yes,
General,Kandahar,28,27,7183273,28, Dr. Mahmood Khan,ډاکټر محمود خان,No,Male,Yes,Yes,
General,Kandahar,28,27,5684482,14, Hajji Muhammad Omar Nangialay,حاجی محمد عمر ننگیالی,No,Male,Yes,Yes,
General,Kandahar,28,27,5768613,25, Hashmat Khalil Karzai,حشمت خلیل کرزی,No,Male,Yes,No,
General,Kandahar,28,27,6129827,13, Muhammad Naiem Lalay Hamidzai,محمد نعیم لالی حمیدزی,No,Male,Yes,Yes,
General,Kandahar,28,27,5767605,47, Niaz Muhammad Hajji Amir Lalay,نیازمحمد حاجی آمیر لالی,Yes,Male,Yes,No,
General,Kandahar,28,27,5768602,11,Attaullah Jan Habib,عطاالله جان حبیب,No,Male,No,Yes,
General,Kandahar,28,27,102252873,37,Bibi Hamida,بی بی حمیده,No,Female,Yes,Yes,
General,Kandahar,28,27,5768603,43,Fariba Ahmadi Kakar,فریبا احمدی کاکړ,No,Female,Yes,Yes,
General,Kandahar,28,27,5689360,1,Khalid Pashtoon,خالد پښتون,Yes,Male,No,Yes,
General,Kandahar,28,27,6496945,30,Shakiba Hashimi,شکیبا هاشمی,Yes,Female,Yes,Yes,
General,Kandahar,28,27,3305132,27,Turan Sahib Abdul  Khaliq Khan Balakarzai,تورن صاحب عبدالخالق خان بالاکرزی,No,Male,Yes,Yes,
General,Kapisa,2,2,2707162,36, Hajji Agha Jan,حاجی آغا جان,No,Male,Yes,Yes,
General,Kapisa,2,2,5794609,9,Alhaj Mirdad Khan Nijrabi,الحاج میرداد خان  نجرابی,No,Male,Yes,Yes,
General,Kapisa,2,2,6734501,20,Eng. Muhammad Iqbal Safi,انجنیر محمد اقبال صافی,Yes,Male,Yes,Yes,
General,Kapisa,2,2,4612705,10,Tahira Mujadidi,طاهره مجددی,No,Female,Yes,Yes,
General,Khost,9,14,7023618,54,Alhaj Dr. Mirbat Khan Mangal,الحاج داکتر میربت خان منگل,No,Male,Yes,Yes,
General,Khost,9,14,7023606,1,Homayoon,همایون,No,Male,Yes,Yes,
General,Khost,9,14,13833760,12,Kamal Nasir Usoli,کمال ناصر  اصولی,No,Male,Yes,Yes,
General,Khost,9,14,7647395,9,Leyaqatullah Babakarkhil,لیاقت الله بابکرخیل,Yes,Male,Yes,Yes,
General,Khost,9,14,7023611,4,Sahira Sharif,ساهره شریف,Yes,Female,Yes,Yes,
Kuchi,Kuchi,35,35,13285032,29,Alhaj Muhsin Sahraye,الحاج حسن صحرايې,No,Male,Yes,Yes,
Kuchi,Kuchi,35,35,6208234,39,Alhaj Wakil Mullah Tarakhil Muhammadi,الحاج وکيل ملا تره خيل محمدی,Yes,Male,Yes,Yes,
Kuchi,Kuchi,35,35,3466625,17,Habib -u- Rahman A.K.A Habib Afghan,حبيب الرحمن مشهور به حبيب افغان,No,Male,Yes,Yes,
Kuchi,Kuchi,35,35,102546679,38,Hajji Abdul Qadar Kuchi,حاجی عبدالقادر کوچی,Yes,Male,Yes,No,
Kuchi,Kuchi,35,35,11297556,48,Hajji Haidar Jan Naiemzai,حاجی حيدر جان نعيم زوی,Yes,Male,Yes,Yes,
Kuchi,Kuchi,35,35,6168130,45,Hajji Muhammad Nazir Ahmadzai,حاجی محمد نذير احمد زی,No,Male,Yes,Yes,
Kuchi,Kuchi,35,35,100568297,46,Hajji Pari Kuchi,حاجی پری کوچی,Yes,Male,Yes,No,
Kuchi,Kuchi,35,35,5765347,49,Hajji Sher Ali Ahmadzai,حاجی شير علی احمد زی,No,Male,Yes,Yes,
Kuchi,Kuchi,35,35,3466901,15,Hamida Ahmadzai,حميده احمدزۍ,No,Female,No,Yes,
Kuchi,Kuchi,35,35,5765426,28,Helay Irshad,هيلۍ ارشاد,No,Female,No,Yes,
Kuchi,Kuchi,35,35,8723841,13,Muhammad Yusuf Sabir,محمد يوسف صابر,No,Male,Yes,Yes,
Kuchi,Kuchi,35,35,997752,23,Parween Durani,پروين درانۍ,Yes,Female,No,Yes,
Kuchi,Kuchi,35,35,529737,26,Said Muhammad Hareq,سيد محمد حريق,No,Male,Yes,No,
General,Kunarha,11,15,1136901,26,Hajji Sakhi ,حاجی سخی,No,Male,Yes,Yes,
General,Kunarha,11,15,1446468,6,Hajji Salih Muhammad,حاجی صالح محمد,No,Male,Yes,Yes,
General,Kunarha,11,15,10060214,2,Maulawi Shazada Shaid,مولوی شهزاده شاهد,Yes,Male,Yes,Yes,
General,Kunarha,11,15,298402,18,Wagma Sapai,وږمه ساپۍ,No,Female,Yes,Yes,
General,Kunduz,17,19,8352216,87, Eng. Kamal,انجنیر کمال,No,Male,Yes,Yes,
General,Kunduz,17,19,2031119,55, Hajji Abdul Rawoof Ibrahimi,حاجی عبدالروف ابراهیمی,Yes,Male,Yes,Yes,
General,Kunduz,17,19,1850042,81, Malim Chahari,معلم چهاری,No,Male,Yes,Yes,
General,Kunduz,17,19,8628908,15,Abdul Wodood Payman,عبدالودود پیمان,No,Male,Yes,Yes,
General,Kunduz,17,19,3956012,56,Alhaj Nazari Turkmani,الحاج نظری ترکمن,No,Male,Yes,Yes,
General,Kunduz,17,19,8352210,28,Dr. Fatima Aziz,داکتر فاطمه عزیز,Yes,Female,Yes,Yes,
General,Kunduz,17,19,8352211,25,Sayed Dawood Nadiri,سید داود نادری,No,Male,Yes,Yes,
General,Kunduz,17,19,8927225,3,Shaista Baz Nasiri,شایسته باز ناصری,No,Male,Yes,Yes,
General,Kunduz,17,19,8352209,14,Shukria Paykan Ahmadi,شکریه پیکان احمدی,No,Female,Yes,Yes,
General,Laghman,12,7,8834725,58, Alhaj Major General Naqeebullah,الحاج برید جنرال نقیب الله,No,Male,Yes,Yes,
General,Laghman,12,7,2829966,45, Eng. Muhammad Alam Qarar,انجینر محمد عالم قرار,Yes,Male,Yes,Yes,
General,Laghman,12,7,7767635,41, Hajji Muhammad Hassan Mamozai,حاجی محمد حسن  مموزی,No,Male,Yes,Yes,
General,Laghman,12,7,8592576,5,Alhaj Zefnoon Safi,الحاج زیفنون صافی,Yes,Female,No,Yes,
General,Laghman,12,7,11468889,9,Gull Mari,گل مرۍ,No,Female,Yes,No,
General,Logar,5,5,4975661,36, Hajji Ali Muhammad,حاجی علی محمد,Yes,Male,Yes,Yes,
General,Logar,5,5,2395900,34, Wali Wahdat Yar Ahmadzai,والی وحدت یار احمدزی,No,Male,Yes,No,
General,Logar,5,5,7939501,6,Alhaj Shakila Hashimi,الحاج شکیلا هاشمی,Yes,Female,Yes,Yes,
General,Logar,5,5,1553209,19,Eng. Sahib Khan,انجینر صاحب خان,No,Male,No,Yes,
General,Logar,5,5,1553204,23,Hajji Muhammad Akbar Stanikzai,حاجی محمد اکبر ستانکزی,No,Male,Yes,Yes,
General,Nangerhar,10,6,8913437,33, Frishta Anwari,فرشته انوری,No,Female,Yes,Yes,
General,Nangerhar,10,6,3340708,107, Layluma Wali Hakimi,لیلماه ولی حکمی,No,Female,Yes,Yes,
General,Nangerhar,10,6,7736015,39, Mirwais Yasini,میرویس یاسینی,Yes,Male,Yes,Yes,
General,Nangerhar,10,6,6413008,108,Amir Jan Dauwlatzai,امیر جان دولتزی,No,Male,Yes,Yes,
General,Nangerhar,10,6,30003,59,Arian Yoon,آرین یون,Yes,Female,Yes,Yes,
General,Nangerhar,10,6,7621064,45,Dr. Asamatullah Shenwari,داکتر عصمت الله  شینواری,No,Male,Yes,Yes,
General,Nangerhar,10,6,4340863,154,Eng. Abdul Ghafar,انجینر عبدالغفار,No,Male,Yes,Yes,
General,Nangerhar,10,6,8913410,81,Eng. Sayed Akram,انجنیر سید اکرام,No,Male,Yes,Yes,
General,Nangerhar,10,6,1324605,121,Farydoon Momand,فریدون مومند,Yes,Male,Yes,Yes,
General,Nangerhar,10,6,8913424,47,Hajji Abdul Zahir Qader,حاجی عبدالظاهر  قدیر,No,Male,Yes,Yes,
General,Nangerhar,10,6,102899176,109,Hajji Amir Khan Yar,حاجی امیر خان  یار,No,Male,Yes,Yes,
General,Nangerhar,10,6,1347516,65,Hajji Hazrat Ali,حاجی حضرت علی,Yes,Male,Yes,Yes,
General,Nangerhar,10,6,7622400,97,Hajji Per Bakhsh Gardiwal,حاجی پیربخش  گردیوال,Yes,Male,Yes,Yes,
General,Nangerhar,10,6,30007,49,Saima Khugiani,سایمه خوگیاڼۍ,Yes,Female,Yes,Yes,
General,Nimroz,26,34,5798503,11,Farida Hamedi,فریده حمیدی,No,Female,Yes,Yes,
General,Nimroz,26,34,9664508,6,Frishta Amini,فرشته امینی,No,Female,Yes,Yes,
General,Nooristan,13,16,5795203,6,Dr. Parween Nooristani,داکټر پروین نورستانی,No,Female,Yes,Yes,
General,Nooristan,13,16,5795212,13,Maulawi Ahmadullah Muahid,مولوی احمد الله موحد,No,Male,No,Yes,
General,Nooristan,13,16,8364004,17,Noorullah Memmar,نورالله معمار,No,Male,Yes,No,
General,Paktia,8,13,5604487,57,Alhaj Gul Badsha Majeedi,الحاج ګل بادشاه مجیدی,Yes,Male,Yes,Yes,
General,Paktia,8,13,5169802,26,Alhaj Nawab Mangal,الحاج  نواب  منګل,No,Male,Yes,Yes,
General,Paktia,8,13,6613836,41,Diploma Eng. Dilawar Tutakhil,دپلوم  انجینر  دلاور  طوطاخیل,No,Male,Yes,No,
General,Paktia,8,13,5602609,18,Dr. Mujeeb‐ur‐ Rahman Samkanai,ډاکتر مجیب الرحمن څمکنی,No,Male,No,Yes,
General,Paktia,8,13,5169813,4,Eng. Shir Gul Paktiawal,انجینر شیر ګل پکتیاوال,No,Male,Yes,No,
General,Paktia,8,13,5169817,51,Muhammad Ibrahim Ghashtalay,محمد ابراهیم  غښتلی,No,Male,No,Yes,
General,Paktia,8,13,5169819,23,Razia Sadat Mangal,راضیه  سعادت  منګل,No,Female,Yes,Yes,
General,Paktika,7,12,3064407,20, Hajji Abdul Qadeer,حاجی عبدالقدير,No,Male,No,Yes,
General,Paktika,7,12,3064406,17, Mahmood Khan Suliman Khil,محمودخان سليمان خيل,No,Male,Yes,No,
General,Paktika,7,12,98517,22, Sayed Ishaq Gailani,سيد اسحق گيلانی,Yes,Male,No,Yes,
General,Paktika,7,12,3064415,1,Hajji Muhammad Rahim Katawazai,حاجی محمد رحیم کټوازی,No,Male,Yes,No,
General,Paktika,7,12,4774455,3,Nadir Khan Katawazai,نادر خان  کټوازی,No,Male,Yes,Yes,
General,Paktika,7,12,98512,12,Najiya,ناجیه,No,Female,Yes,Yes,
General,Panjshir,33,8,785284,9,Dr. Zaheer Sadat,داکتر ظهیر سعادت,No,Male,Yes,Yes,
General,Panjshir,33,8,554708,8,Qazi Rahila Salim,قاضی راحله سلیم,Yes,Female,Yes,Yes,
General,Parwan,3,3,2506889,10,Alhaj Mir Rhman Rahmani,الحاج میرالرحمن رحمانی,No,Male,Yes,Yes,
General,Parwan,3,3,837116,8,Alhaj Muhammad Almas Zahid,الحاج محمد الماس زاهد,Yes,Male,Yes,Yes,
General,Parwan,3,3,2501845,35,Hajji Fazal Said Khili,حاجی فاضل سید خیلی,No,Male,Yes,No,
General,Parwan,3,3,435250,53,Khuwaja Sediq Ahmad Osmani,خواجه صدیق احمد عثمانی,Yes,Male,Yes,Yes,
General,Parwan,3,3,2504925,31,Samiah Azizi Sadat,سامعه  عزیزی  سادات,Yes,Female,Yes,Yes,
General,Parwan,3,3,476427,5,Saranwal Abdul Satar Khawasi,‌ْ‎ًٌٍځارنوال عبدالستار خواصی,Yes,Male,No,Yes,
General,Parwan,3,3,2496995,54,Zakia Sangeen,ذکیه سنگین,No,Female,Yes,Yes,
General,Samangan,18,20,5798704,25,Alhaj Ahmad Khan Samangani,الحاج احمد خان سمنگانی,Yes,Male,Yes,No,
General,Samangan,18,20,5798711,30,Alhaj Makhdum Muhebullah Furqani,الحاج مخدوم محیب الله  فرقانی,No,Male,Yes,Yes,
General,Samangan,18,20,5798722,32,Dr. Masoma Khawri,داکتر معصومه   خاوری,No,Female,Yes,Yes,
General,Samangan,18,20,100330140,12,Makhdum Abdalullah Muhammadi,مخدوم ابدال الله  محمدی,No,Male,Yes,Yes,
General,Samangan,18,20,5798715,10,Muhammad Tahir Zaher,محمد طاهر  زهیر,No,Male,No,Yes,
General,Sar-i-Pul,21,22,9855114,14, Alhaj Muhammad Rahim Ayubi,الحاج محمد رحیم ایوبی,No,Male,Yes,No,
General,Sar-i-Pul,21,22,7727510,4,Aziza Jalis,عزیزه جلیس,No,Female,Yes,Yes,
General,Sar-i-Pul,21,22,8997312,41,Hajji Khair Muhammad Aymaq,حاجی خیر محمد ایماق,Yes,Male,Yes,Yes,
General,Sar-i-Pul,21,22,7727514,26,Muhammad Hussain Faheemi,محمد حسین فهیمی,Yes,Male,No,Yes,
General,Sar-i-Pul,21,22,8997307,20,Sayed Anwar Sadat,سید انور سادات,No,Male,Yes,Yes,
General,Sar-i-Pul,21,22,13874583,32,Sayed Muhammad Hassan Sharifi Balkhabi,سید محمد حسن شریفی بلخابی,No,Male,Yes,Yes,
General,Takhar,15,18,524005,33, Amir Abdul Wahid Faqir Zada,امیر عبدالواحد   فقیر زاده,No,Male,Yes,Yes,
General,Takhar,15,18,2958405,21, Habiba Danish,حبیبه  دانش,Yes,Female,Yes,Yes,
General,Takhar,15,18,102647737,72, Qudratullah Zaki,قدرت الله ذکی,No,Male,Yes,Yes,
General,Takhar,15,18,524007,57,Alhaj Abdul Mutalib Bek,الحاج عبدالمطلب بیک,No,Male,Yes,Yes,
General,Takhar,15,18,2118903,56,Alhaj Wakeel Abdul Jabar,الحاج وکیل عبدالجبار,Yes,Male,Yes,Yes,
General,Takhar,15,18,2958416,32,Maryam Kofi,مریم   کوفی,No,Female,Yes,Yes,
General,Takhar,15,18,1645501,85,Qazi Muhammad Kabir Marzban,قاضی محمد کبیر  مرزبان,No,Male,Yes,Yes,
General,Takhar,15,18,2031376,61,Raiees Abdul Baqi Malik Zada,رییس عبدالباقی ملک زاده,Yes,Male,Yes,Yes,
General,Takhar,15,18,1959001,35,Sayed Akram-u-Din Masoomi,سید اکرام الدین  معصومی,No,Male,Yes,Yes,
General,Urozgan,30,25,5794702,12,Hajji Obaidullah Barikzai,حاجی عبیدالله   بارکزي,No,Male,Yes,Yes,
General,Urozgan,30,25,6230730,2,Hajji Qudratullah Rahimi,حاجی قدرت الله رحیمی,No,Male,Yes,No,
General,Urozgan,30,25,5794704,1,Muhammad Hashim,محمد هاشم وطنوال,Yes,Male,No,Yes,
General,Urozgan,30,25,5794705,8,Raihana Azad,ریحانه آزاد,No,Female,Yes,Yes,
General,Wardak,4,4,1515002,30, Ghulam Husain Naseri,غلام حسین ناصری,No,Male,Yes,Yes,
General,Wardak,4,4,1515011,21,Eng. Hamida Akbari,انجنیر حمیده اکبری,No,Female,Yes,Yes,
General,Wardak,4,4,2918166,8,Hajji Abdul Aahad Durani,حاجی عبدالاحمد درانی,No,Male,Yes,Yes,
General,Wardak,4,4,1515008,25,Hajji Abdul Majed Wardak,حاجی عبدالمجید وردگ,No,Male,No,Yes,
General,Wardak,4,4,1515001,2,Hajji Waheedullah Kalimzai Wardak,حاجی وحیدالله کلیمزی وردک,No,Male,Yes,No,
General,Wardak,4,4,1515007,34,Sediqa Mubariz,صدیقه مبارز,Yes,Female,Yes,Yes,
General,Zabul,29,26,102410804,14,Abdul Habib Andiwal,عبدالحبیب انډیوال,No,Male,No,Yes,
General,Zabul,29,26,6998194,9,Abdul Qadir Qalatwal,عبدالقادر قلاتوال,No,Male,No,Yes,
General,Zabul,29,26,3411775,6,Hajji Muhammad Ismail Zabuli,حاجي محمد اسماعیل زابلي,No,Male,Yes,No,
General,Zabul,29,26,11382256,7,Hamidullah Tukhi,حمیدالله توخی,Yes,Male,Yes,No,
General,Zabul,29,26,8948804,12,Zahra Tukhi Zabuli,زهرا توخي زابلي,No,Female,Yes,Yes,